[
    {
        "type": "message",
        "user": "U061A5N1G",
        "text": "a new version of ggplot2 is out! Version 2.0 has fixed some minor annoyances, and more importantly makes it easier for us to create our own ggplot2 objects for sharing and reuse. Here\u2019s a new cheatsheet.",
        "ts": "1451405117.000002",
        "reactions": [
            {
                "name": "+1",
                "users": [
                    "U061A1R2R",
                    "U064KUGRJ"
                ],
                "count": 2
            }
        ]
    },
    {
        "type": "message",
        "subtype": "file_share",
        "text": "<@U061A5N1G|neerajt> uploaded a file: <https:\/\/houstondatavis.slack.com\/files\/neerajt\/F0HF6N8JC\/ggplot2-cheatsheet-2.0.pdf|ggplot2-cheatsheet-2.0.pdf>",
        "file": {
            "id": "F0HF6N8JC",
            "created": 1451405160,
            "timestamp": 1451405160,
            "name": "ggplot2-cheatsheet-2.0.pdf",
            "title": "ggplot2-cheatsheet-2.0.pdf",
            "mimetype": "application\/pdf",
            "filetype": "pdf",
            "pretty_type": "PDF",
            "user": "U061A5N1G",
            "editable": false,
            "size": 971277,
            "mode": "hosted",
            "is_external": false,
            "external_type": "",
            "is_public": true,
            "public_url_shared": false,
            "display_as_bot": false,
            "username": "",
            "url_private": "https:\/\/files.slack.com\/files-pri\/T061A2UFL-F0HF6N8JC\/ggplot2-cheatsheet-2.0.pdf?t=xoxe-6044096530-64812438883-64868151655-320c71e4d7",
            "url_private_download": "https:\/\/files.slack.com\/files-pri\/T061A2UFL-F0HF6N8JC\/download\/ggplot2-cheatsheet-2.0.pdf?t=xoxe-6044096530-64812438883-64868151655-320c71e4d7",
            "permalink": "https:\/\/houstondatavis.slack.com\/files\/neerajt\/F0HF6N8JC\/ggplot2-cheatsheet-2.0.pdf",
            "permalink_public": "https:\/\/slack-files.com\/T061A2UFL-F0HF6N8JC-57592cf0e8",
            "channels": [
                "C064FGV36"
            ],
            "groups": [
    
            ],
            "ims": [
    
            ],
            "comments_count": 0
        },
        "user": "U061A5N1G",
        "upload": true,
        "display_as_bot": false,
        "username": "<@U061A5N1G|neerajt>",
        "bot_id": null,
        "ts": "1451405160.000005"
    }
]