[
    {
        "type": "message",
        "user": "U061A5N1G",
        "text": "geeking out about this today: <http:\/\/www.sciencemag.org\/news\/2016\/07\/updated-human-brain-map-reveals-nearly-100-new-regions>",
        "attachments": [
            {
                "service_name": "Science | AAAS",
                "title": "Updated human brain map reveals nearly 100 new regions",
                "title_link": "http:\/\/www.sciencemag.org\/news\/2016\/07\/updated-human-brain-map-reveals-nearly-100-new-regions",
                "text": "Algorithmic approach to mapping could improve brain surgeries",
                "fallback": "Science | AAAS: Updated human brain map reveals nearly 100 new regions",
                "image_url": "http:\/\/www.sciencemag.org\/sites\/default\/files\/styles\/article_main_large\/public\/images\/cc_brainmap_16x9.jpg?itok=QNLfDwWx",
                "image_width": 444,
                "image_height": 250,
                "ts": 1469024380,
                "from_url": "http:\/\/www.sciencemag.org\/news\/2016\/07\/updated-human-brain-map-reveals-nearly-100-new-regions",
                "image_bytes": 118191,
                "service_icon": "http:\/\/www.sciencemag.org\/favicon.ico",
                "id": 1
            }
        ],
        "ts": "1469119514.000002",
        "reactions": [
            {
                "name": "eye",
                "users": [
                    "U061A3E0G"
                ],
                "count": 1
            }
        ]
    }
]