[
    {
        "type": "message",
        "user": "U061A3E0G",
        "text": "Not yet public, but here is a dashboard exploration on the billion dollar companies, and a demo of a new font I'm working on... questions and feedback encouraged! <http:\/\/network.intentive.info\/>",
        "edited": {
            "user": "U061A3E0G",
            "ts": "1465099756.000000"
        },
        "ts": "1465099529.000002",
        "reactions": [
            {
                "name": "+1",
                "users": [
                    "U064KUGRJ",
                    "U061A1R2R"
                ],
                "count": 2
            }
        ]
    }
]