[
    {
        "type": "message",
        "user": "U061A5N1G",
        "text": "<@U061A1R2R> I think that can be arranged! Think you can make one for good old HTX?",
        "ts": "1449357588.000002"
    },
    {
        "type": "message",
        "user": "U061A1R2R",
        "text": "yes,  though the fun part about this level of abstraction is that once you pick some map styles mapbox will generate a whole world's worth of map tiles,  Houston included",
        "ts": "1449358891.000003"
    },
    {
        "type": "message",
        "user": "U061A1R2R",
        "text": "... we can pick some Houston geo data for the svg overlay :-) ",
        "ts": "1449358931.000004"
    }
]