[
    {
        "type": "message",
        "user": "U0CBK5KAT",
        "text": "Sorry I can't make it to the data jam on Saturday. The wife and I have to go to baby birthing classes that morning. ",
        "ts": "1444827214.000012"
    },
    {
        "type": "message",
        "user": "U066MTL5U",
        "text": "Sorry to hear that! 'tis a good reason though. We'll make sure to post the data set and anyone's code who wants to share",
        "ts": "1444828113.000013"
    },
    {
        "type": "message",
        "user": "U061A5N1G",
        "text": "Agree it\u2019s a good reason, congratulations. If you want, still come for the presentations. They\u2019re scheduled for 12:30 but usually happen closer to 1pm",
        "ts": "1444839716.000014"
    }
]