[
    {
        "type": "message",
        "user": "U061A1R2R",
        "text": ":+1: ",
        "ts": "1445100432.000029"
    },
    {
        "type": "message",
        "user": "U061A5N1G",
        "text": "Data jam under way",
        "ts": "1445101416.000030"
    },
    {
        "type": "message",
        "user": "U061A5N1G",
        "text": ":)",
        "ts": "1445101419.000031"
    },
    {
        "type": "message",
        "user": "U061A1R2R",
        "text": "nice! ",
        "ts": "1445101564.000032"
    },
    {
        "text": "added an integration to this channel: <https:\/\/houstondatavis.slack.com\/services\/B0CM0SCDR|github>",
        "bot_id": "B0CM0SCDR",
        "type": "message",
        "subtype": "bot_add",
        "user": "U061A5N1G",
        "ts": "1445146852.000033"
    }
]