[
    {
        "type": "message",
        "user": "U061A3E0G",
        "text": "This talk is really important: David Leonhardt: \"How to Tell Stories with Data\" \u2026: <https:\/\/youtu.be\/JBOCyfR0MR0>",
        "attachments": [
            {
                "service_name": "YouTube",
                "service_url": "http:\/\/www.youtube.com\/",
                "title": "David Leonhardt: \"How to Tell Stories with Data\" | Google News Lab",
                "title_link": "https:\/\/youtu.be\/JBOCyfR0MR0",
                "author_name": "Talks at Google",
                "author_link": "http:\/\/www.youtube.com\/user\/AtGoogleTalks",
                "thumb_url": "https:\/\/i.ytimg.com\/vi\/JBOCyfR0MR0\/hqdefault.jpg",
                "thumb_width": 480,
                "thumb_height": 360,
                "fallback": "YouTube Video: David Leonhardt: \"How to Tell Stories with Data\" | Google News Lab",
                "video_html": "<iframe width=\"400\" height=\"225\" src=\"https:\/\/www.youtube.com\/embed\/JBOCyfR0MR0?feature=oembed\" frameborder=\"0\" allowfullscreen><\/iframe>",
                "video_html_width": 400,
                "video_html_height": 225,
                "from_url": "https:\/\/youtu.be\/JBOCyfR0MR0",
                "id": 1
            }
        ],
        "ts": "1434934598.000056"
    }
]