[
    {
        "type": "message",
        "user": "U065ETZEC",
        "text": "it was fantastic. we created public health tinder bots and met and worked with awesome coders!",
        "ts": "1446403269.000002"
    },
    {
        "type": "message",
        "user": "U061A5N1G",
        "text": "What, public health tinder bots?!",
        "ts": "1446404535.000002"
    },
    {
        "type": "message",
        "user": "U0CRUMJ2D",
        "text": "There are tinder bots that advertise iPhone games. A tinder bot about health care isn't too far-fetched.",
        "ts": "1446431472.000002"
    },
    {
        "type": "message",
        "user": "U061A5N1G",
        "text": "Wth, I am so out of the loop :anguished: ",
        "ts": "1446431657.000003"
    },
    {
        "type": "message",
        "user": "U066MTL5U",
        "text": "So this isnt a scraping tool but rather an \"advertisement\" for public health?",
        "ts": "1446431691.000004"
    }
]