[
    {
        "type": "message",
        "user": "U061A5N1G",
        "text": "New meetup event posted! <http:\/\/www.meetup.com\/Houston-Data-Visualization-Meetup\/events\/226531763\/>",
        "edited": {
            "user": "U061A5N1G",
            "ts": "1446615583.000000"
        },
        "ts": "1446615574.000002"
    },
    {
        "type": "message",
        "user": "U061A5N1G",
        "text": "As always,  :zap: lightning talks welcome",
        "ts": "1446615735.000005"
    },
    {
        "type": "message",
        "user": "U061A1R2R",
        "text": "+:100: <@U061A5N1G> ",
        "ts": "1446618107.000006"
    }
]