[
    {
        "user": "U08SYC5T7",
        "type": "message",
        "subtype": "channel_join",
        "text": "<@U08SYC5T7|suzannevee> has joined the channel",
        "ts": "1439237563.000014"
    },
    {
        "user": "U08SZBFAM",
        "type": "message",
        "subtype": "channel_join",
        "text": "<@U08SZBFAM|vijay4slack> has joined the channel",
        "ts": "1439238545.000015"
    },
    {
        "type": "message",
        "user": "U061A1R2R",
        "text": "<!channel> any friendly volunteers to pick up bahn mi for the meetup tonight? ",
        "ts": "1439245538.000016"
    },
    {
        "type": "message",
        "user": "U066MTL5U",
        "text": "I'm already at TXRX. Is the place nearby?",
        "ts": "1439245556.000017"
    },
    {
        "type": "message",
        "user": "U061A1R2R",
        "text": "I've ordered 21 sandwiches from Cali Sandwich on Travis",
        "ts": "1439245558.000018"
    },
    {
        "type": "message",
        "user": "U061A1R2R",
        "text": "yes,  10 minutes or so in Midtown ",
        "ts": "1439245569.000019"
    },
    {
        "type": "message",
        "user": "U061A1R2R",
        "text": "3030 Travis St, Houston, TX 77006",
        "ts": "1439245598.000020"
    },
    {
        "type": "message",
        "user": "U061A1R2R",
        "text": "is the address ",
        "ts": "1439245604.000021"
    },
    {
        "type": "message",
        "user": "U061A1R2R",
        "text": "would ask you to purchase them -  I'll reimburse you in full at the meetup.   should be ~$65 for the sandwiches",
        "ts": "1439245643.000022"
    },
    {
        "type": "message",
        "user": "U061A1R2R",
        "text": "they ought to be ready sometime between 6p and 615p",
        "ts": "1439245666.000023"
    },
    {
        "type": "message",
        "user": "U061A1R2R",
        "text": "... ",
        "ts": "1439245671.000024"
    },
    {
        "type": "message",
        "user": "U066MTL5U",
        "text": "I'll go pick them up then. Its about 15 mins away from here",
        "ts": "1439245672.000025"
    },
    {
        "type": "message",
        "user": "U066MTL5U",
        "text": "perfect",
        "ts": "1439245674.000026"
    },
    {
        "type": "message",
        "user": "U061A1R2R",
        "text": "good man! ",
        "ts": "1439245678.000027"
    },
    {
        "type": "message",
        "user": "U066MTL5U",
        "text": "that gives me time to wrap this up",
        "ts": "1439245681.000028"
    },
    {
        "type": "message",
        "user": "U061A1R2R",
        "text": "I'll see youat tx\/rx!  ",
        "ts": "1439245692.000029"
    },
    {
        "type": "message",
        "user": "U061A5N1G",
        "text": "I'll be there in 10 mins with the projectoe",
        "ts": "1439250826.000030"
    },
    {
        "type": "message",
        "user": "U061A5N1G",
        "text": "My turn to be stuck behind a train",
        "ts": "1439251623.000031"
    },
    {
        "type": "message",
        "user": "U061A5N1G",
        "text": ":-)",
        "ts": "1439251628.000032"
    }
]