[
    {
        "type": "message",
        "user": "U061A3E0G",
        "text": "Another fun \"supergraphic\" <http:\/\/graphics.latimes.com\/kobe-every-shot-ever\/>",
        "attachments": [
            {
                "service_name": "graphics.latimes.com",
                "title": "Every shot Kobe Bryant ever took. All 30,699 of them",
                "title_link": "http:\/\/graphics.latimes.com\/kobe-every-shot-ever\/",
                "text": "Kobe Bryant's 30,699th and final field goal came from 19 feet with 31 seconds left against the Utah Jazz. During his 20 years with the Lakers, he fired up more than 30,000 shots, including the regular season and playoffs. Take a tour of key shots over his 20-year career, or explore the makes and misses over his long career on your own.",
                "fallback": "graphics.latimes.com: Every shot Kobe Bryant ever took. All 30,699 of them",
                "image_url": "http:\/\/www.trbimg.com\/img-570fb942\/turbine\/la-g-every-shot-kobe-took-thumb-20160414\/600",
                "from_url": "http:\/\/graphics.latimes.com\/kobe-every-shot-ever\/",
                "image_width": 446,
                "image_height": 250,
                "image_bytes": 60753,
                "id": 1
            }
        ],
        "ts": "1460660656.000021",
        "reactions": [
            {
                "name": "clap::skin-tone-3",
                "users": [
                    "U061A1R2R"
                ],
                "count": 1
            }
        ]
    }
]