[
    {
        "type": "message",
        "user": "U061A5N1G",
        "text": "Thanks everyone who came out. I thought today was pretty awesome. ",
        "ts": "1452571011.000002",
        "reactions": [
            {
                "name": "clap::skin-tone-3",
                "users": [
                    "U061A1R2R"
                ],
                "count": 1
            }
        ]
    },
    {
        "user": "U0J7L4J8M",
        "type": "message",
        "subtype": "channel_join",
        "text": "<@U0J7L4J8M|ivanbportugal> has joined the channel",
        "ts": "1452574937.000003"
    }
]