[
    {
        "type": "message",
        "user": "U061A5N1G",
        "text": "<http:\/\/www.pbs.org\/parents\/expert-tips-advice\/2016\/01\/children-still-need-read-draw-maps\/>",
        "attachments": [
            {
                "service_name": "Expert Tips &amp; Advice",
                "title": "Why Children Still Need to Read (and Draw) Maps",
                "title_link": "http:\/\/www.pbs.org\/parents\/expert-tips-advice\/2016\/01\/children-still-need-read-draw-maps\/",
                "text": "While many skills have become obsolete in the digital age, map reading remains an important tool for building children's spatial reasoning skills and helping them make sense of our world.",
                "fallback": "Expert Tips &amp; Advice: Why Children Still Need to Read (and Draw) Maps",
                "image_url": "http:\/\/www.pbs.org\/parents\/expert-tips-advice\/files\/2016\/01\/boywithmap.jpg?w=640",
                "ts": 1453927291,
                "from_url": "http:\/\/www.pbs.org\/parents\/expert-tips-advice\/2016\/01\/children-still-need-read-draw-maps\/",
                "image_width": 445,
                "image_height": 250,
                "image_bytes": 45611,
                "id": 1
            }
        ],
        "ts": "1454012334.000002",
        "reactions": [
            {
                "name": "+1",
                "users": [
                    "U061A1R2R",
                    "U064KUGRJ"
                ],
                "count": 2
            }
        ]
    },
    {
        "type": "message",
        "user": "U061A5N1G",
        "text": "^ for all the papas and the mamas out there.",
        "ts": "1454012371.000004"
    }
]