[
    {
        "type": "message",
        "user": "U061A3E0G",
        "text": "<@U064KUGRJ>: great stuff!",
        "ts": "1465225182.000002"
    },
    {
        "type": "message",
        "user": "U061A3E0G",
        "text": "<@U064KUGRJ>:",
        "ts": "1465225190.000003"
    },
    {
        "type": "message",
        "user": "U061A3E0G",
        "text": "are you in the sketch city slack?",
        "ts": "1465225201.000004"
    },
    {
        "type": "message",
        "user": "U061A3E0G",
        "text": "<http:\/\/www.tableau.com\/community\/events\/tableau-10-houston>",
        "ts": "1465225221.000005"
    }
]