[
    {
        "type": "message",
        "user": "U061A5N1G",
        "text": "Nice job, <@U061A3E0G> !",
        "ts": "1457287774.000024"
    },
    {
        "type": "message",
        "user": "U061A5N1G",
        "text": "<@U066B6F9R> no I don\u2019t think there\u2019s a pydata\/scipy group - but there is the PyHou group, and the Houston Energy Data Science group",
        "ts": "1457287831.000025"
    },
    {
        "type": "message",
        "user": "U066B6F9R",
        "text": "Yes <@U061A5N1G> . One of the 3 groups can fill the vacuum or maybe a 4th one",
        "ts": "1457287924.000026"
    },
    {
        "type": "message",
        "user": "U061A5N1G",
        "text": "Yeah the truth is the PyHou group tends to stay focused on topics that apply broadly to people using the python language for a range of things",
        "ts": "1457288069.000027"
    },
    {
        "type": "message",
        "user": "U061A5N1G",
        "text": "The past two meetups discussed Metaclasses, and Unit Testing, respectively. But the one before that talked about Data Analysis in python",
        "ts": "1457288109.000028"
    },
    {
        "type": "message",
        "user": "U066B6F9R",
        "text": "There is an article on Forbes that shows the vacuum. Prefix, uptkae and now parstream are rushing",
        "ts": "1457288110.000029"
    },
    {
        "type": "message",
        "user": "U066B6F9R",
        "text": "Predix",
        "ts": "1457288123.000030"
    },
    {
        "type": "message",
        "user": "U061A5N1G",
        "text": "Just looked up Predix - looks pretty cool!",
        "ts": "1457288160.000031"
    },
    {
        "type": "message",
        "user": "U066B6F9R",
        "text": "It is a $1 trillion market",
        "ts": "1457288188.000032"
    },
    {
        "type": "message",
        "user": "U066B6F9R",
        "text": "I used predix they have work left to do. First one wins big ",
        "ts": "1457288244.000033"
    }
]