[
    {
        "type": "message",
        "user": "U061A1R2R",
        "text": "<http:\/\/iheanyi.com\/blog\/on-building-coding-confidence\/>",
        "attachments": [
            {
                "text": "The portfolio and blog of Iheanyi Ekechukwu, a Software Developer and Designer.",
                "fallback": "The portfolio and blog of Iheanyi Ekechukwu, a Software Developer and Designer.",
                "from_url": "http:\/\/iheanyi.com\/blog\/on-building-coding-confidence\/",
                "id": 1
            }
        ],
        "ts": "1437798913.496056"
    }
]