[
    {
        "type": "message",
        "user": "U061A3E0G",
        "text": "<https:\/\/www.reddit.com\/r\/IAmA\/comments\/478njk\/im_stephen_wolframask_me_anything\/>",
        "attachments": [
            {
                "service_name": "reddit",
                "title": "I'm Stephen Wolfram---Ask Me Anything \u2022 \/r\/IAmA",
                "title_link": "https:\/\/www.reddit.com\/r\/IAmA\/comments\/478njk\/im_stephen_wolframask_me_anything\/",
                "text": "Looking forward to being here at 4 pm ET today... Some recent things to talk about: <http:\/\/blog.stephenwolfram.com\/> ...",
                "fallback": "reddit: I'm Stephen Wolfram---Ask Me Anything \u2022 \/r\/IAmA",
                "thumb_url": "https:\/\/i.redditmedia.com\/7yQBkoTnpEPPXIMuFLZvgL0ImOzXs7WBZSRvVbSsR8M.jpg?w=320&s=71d5518cbb75facb6a7d05bece42e5b8",
                "from_url": "https:\/\/www.reddit.com\/r\/IAmA\/comments\/478njk\/im_stephen_wolframask_me_anything\/",
                "thumb_width": 320,
                "thumb_height": 286,
                "id": 1
            }
        ],
        "ts": "1456370168.000002",
        "reactions": [
            {
                "name": "+1",
                "users": [
                    "U061A1R2R"
                ],
                "count": 1
            }
        ]
    }
]