[
    {
        "type": "message",
        "user": "U065ETZEC",
        "text": "Anyone attending Houston Hackathon in May? <http:\/\/houstonhackathon.com\/>",
        "attachments": [
            {
                "title": "Houston Hackathon",
                "title_link": "http:\/\/houstonhackathon.com\/",
                "text": "The City of Houston Hackathon returns to the Houston Technology Center on May 14-15.",
                "fallback": "Houston Hackathon",
                "image_url": "http:\/\/houstonhackathon.com\/img\/artwork.jpg",
                "from_url": "http:\/\/houstonhackathon.com\/",
                "image_width": 162,
                "image_height": 250,
                "image_bytes": 162339,
                "id": 1
            }
        ],
        "ts": "1458855266.000002"
    },
    {
        "type": "message",
        "user": "U061A5N1G",
        "text": "Yes! I\u2019m planning to be there. Are you?",
        "ts": "1458874260.000004"
    },
    {
        "type": "message",
        "user": "U065ETZEC",
        "text": "Yep!",
        "ts": "1458883407.000005"
    }
]