[
    {
        "type": "message",
        "user": "U061A1R2R",
        "text": "good good",
        "ts": "1433772186.000002"
    },
    {
        "type": "message",
        "user": "U061A5N1G",
        "text": "We could poll folks for a weekday date?",
        "ts": "1433781008.000002"
    },
    {
        "type": "message",
        "user": "U061A3E0G",
        "text": "I'd like for us to have a survey, great thought Neeraj! Also slack works well with growing teams. What are your thoughts on opening it up for everyone?",
        "ts": "1433796160.000002"
    },
    {
        "type": "message",
        "user": "U061A5N1G",
        "text": "Yes, we should open it up",
        "ts": "1433798006.000003"
    },
    {
        "type": "message",
        "user": "U061A5N1G",
        "text": "How do we proceed with that? I'm not sure how that works. I thought it was open already!",
        "ts": "1433798067.000004"
    },
    {
        "type": "message",
        "user": "U061A3E0G",
        "text": "Yeah I think we can just share the link. Let's bring it up at the meet up tonite!",
        "ts": "1433799784.000005"
    },
    {
        "type": "message",
        "user": "U061A5N1G",
        "text": "Missed you at the meetup, Javier!",
        "ts": "1433816453.000002"
    },
    {
        "type": "message",
        "user": "U061A3E0G",
        "text": "So bummed I could make it!! How did it go?",
        "ts": "1433816693.000003"
    },
    {
        "type": "message",
        "user": "U061A5N1G",
        "text": "It went well, good turnout! We showed off the Slack and Micah will send out an invite\/link to join",
        "ts": "1433816822.000004"
    },
    {
        "type": "message",
        "user": "U061A5N1G",
        "text": "Hopefully we'll have more company soon :smiley_cat:",
        "ts": "1433816848.000005"
    },
    {
        "type": "message",
        "user": "U061A3E0G",
        "text": "Nice! :+1: ",
        "ts": "1433817388.000006"
    }
]