[
    {
        "type": "message",
        "user": "U061A1R2R",
        "text": "that's my intuition",
        "ts": "1433676305.000002"
    },
    {
        "type": "message",
        "user": "U061A1R2R",
        "text": "what do you think of doing another data jam on 6\/27?",
        "ts": "1433676413.000003"
    },
    {
        "type": "message",
        "user": "U061A1R2R",
        "text": "It's a Saturday, three weeks off",
        "ts": "1433676425.000004"
    },
    {
        "type": "message",
        "user": "U061A5N1G",
        "text": "Yes, I'll be back from Florida on the 26th",
        "ts": "1433719481.000002"
    }
]