[
    {
        "type": "message",
        "user": "U061A5N1G",
        "text": "our next datajam is scheduled!",
        "ts": "1452745569.000002",
        "reactions": [
            {
                "name": "+1",
                "users": [
                    "U061A1R2R",
                    "U066MTL5U",
                    "U064KUGRJ"
                ],
                "count": 3
            }
        ]
    },
    {
        "type": "message",
        "user": "U061A5N1G",
        "text": "<http:\/\/www.meetup.com\/Houston-Data-Visualization-Meetup\/events\/228076985\/>",
        "attachments": [
            {
                "service_name": "Meetup",
                "title": "Houston Data Visualization Meetup",
                "title_link": "http:\/\/www.meetup.com\/Houston-Data-Visualization-Meetup\/events\/228076985\/",
                "text": "here we go again! we'll work in small teams to visualize a new dataset in three hours. we'll announce the actual dataset at the beginning of the event. this jam is tool agnostic, so you can choose to",
                "fallback": "Meetup: Houston Data Visualization Meetup",
                "thumb_url": "http:\/\/photos3.meetupstatic.com\/photos\/event\/2\/b\/a\/e\/highres_298991182.jpeg",
                "from_url": "http:\/\/www.meetup.com\/Houston-Data-Visualization-Meetup\/events\/228076985\/",
                "thumb_width": 871,
                "thumb_height": 832,
                "id": 1
            }
        ],
        "ts": "1452745572.000003"
    }
]