[
    {
        "type": "message",
        "user": "U061A5N1G",
        "text": "Cleaner data posted to <https:\/\/github.com\/houstondatavis\/data-jam-february-2016>, please send\/PR your results to be added to the showcase!",
        "attachments": [
            {
                "service_name": "GitHub",
                "title": "houstondatavis\/data-jam-february-2016",
                "title_link": "https:\/\/github.com\/houstondatavis\/data-jam-february-2016",
                "text": "Contribute to data-jam-february-2016 development by creating an account on GitHub.",
                "fallback": "GitHub: houstondatavis\/data-jam-february-2016",
                "thumb_url": "https:\/\/avatars1.githubusercontent.com\/u\/12770645?v=3&s=400",
                "from_url": "https:\/\/github.com\/houstondatavis\/data-jam-february-2016",
                "thumb_width": 400,
                "thumb_height": 400,
                "id": 1
            }
        ],
        "ts": "1455563087.000002"
    },
    {
        "type": "message",
        "user": "U061A5N1G",
        "text": "<@U066H4AKX>, <@U064KUGRJ> looking at you!",
        "ts": "1455563158.000004"
    },
    {
        "type": "message",
        "user": "U061A5N1G",
        "text": "looking at me too. :blush:",
        "ts": "1455563207.000005"
    },
    {
        "type": "message",
        "user": "U061A5N1G",
        "text": "anyone who wasn\u2019t able to attend, please have a crack at creating something. the plan is to spend the next meetup sharing results.",
        "ts": "1455563243.000006"
    }
]