[
    {
        "user": "U061A1R2R",
        "type": "message",
        "subtype": "channel_join",
        "text": "<@U061A1R2R|micahstubbs> has joined the channel",
        "ts": "1433860197.000002"
    },
    {
        "user": "U061A1R2R",
        "purpose": "a place for example graphics to study, enjoy, and learn from",
        "type": "message",
        "subtype": "channel_purpose",
        "text": "<@U061A1R2R|micahstubbs> set the channel purpose: a place for example graphics to study, enjoy, and learn from",
        "ts": "1433860197.000003"
    },
    {
        "user": "U061A1R2R",
        "purpose": "a place for example graphics to study, enjoy, and learn from",
        "type": "message",
        "subtype": "channel_purpose",
        "text": "<@U061A1R2R|micahstubbs> set the channel purpose: a place for example graphics to study, enjoy, and learn from",
        "ts": "1433860229.000004"
    },
    {
        "type": "message",
        "user": "U061A1R2R",
        "text": "<http:\/\/bl.ocks.org\/micahstubbs\/2697195b31c93bb3147a>",
        "ts": "1433860547.000005"
    },
    {
        "type": "message",
        "user": "U061A1R2R",
        "text": "an interactive scatterplot explorer from the recent data jam, looking at some Medicare Hospital Payments Data",
        "ts": "1433860601.000006"
    },
    {
        "type": "message",
        "subtype": "file_share",
        "text": "<@U061A1R2R|micahstubbs> uploaded a file: <https:\/\/houstondatavis.slack.com\/files\/micahstubbs\/F064G1ANS\/screen_shot_2015-06-09_at_09.36.49.png|Screen Shot 2015-06-09 at 09.36.49.png>",
        "file": {
            "id": "F064G1ANS",
            "created": 1433860626,
            "timestamp": 1433860626,
            "name": "Screen Shot 2015-06-09 at 09.36.49.png",
            "title": "Screen Shot 2015-06-09 at 09.36.49.png",
            "mimetype": "image\/png",
            "filetype": "png",
            "pretty_type": "PNG",
            "user": "U061A1R2R",
            "editable": false,
            "size": 55059,
            "mode": "hosted",
            "is_external": false,
            "external_type": "",
            "is_public": true,
            "public_url_shared": false,
            "display_as_bot": false,
            "username": "",
            "url_private": "https:\/\/files.slack.com\/files-pri\/T061A2UFL-F064G1ANS\/screen_shot_2015-06-09_at_09.36.49.png?t=xoxe-6044096530-64812438883-64868151655-320c71e4d7",
            "url_private_download": "https:\/\/files.slack.com\/files-pri\/T061A2UFL-F064G1ANS\/download\/screen_shot_2015-06-09_at_09.36.49.png?t=xoxe-6044096530-64812438883-64868151655-320c71e4d7",
            "thumb_64": "https:\/\/files.slack.com\/files-tmb\/T061A2UFL-F064G1ANS-539bbb3ff1\/screen_shot_2015-06-09_at_09.36.49_64.png?t=xoxe-6044096530-64812438883-64868151655-320c71e4d7",
            "thumb_80": "https:\/\/files.slack.com\/files-tmb\/T061A2UFL-F064G1ANS-539bbb3ff1\/screen_shot_2015-06-09_at_09.36.49_80.png?t=xoxe-6044096530-64812438883-64868151655-320c71e4d7",
            "thumb_360": "https:\/\/files.slack.com\/files-tmb\/T061A2UFL-F064G1ANS-539bbb3ff1\/screen_shot_2015-06-09_at_09.36.49_360.png?t=xoxe-6044096530-64812438883-64868151655-320c71e4d7",
            "thumb_360_w": 360,
            "thumb_360_h": 214,
            "thumb_480": "https:\/\/files.slack.com\/files-tmb\/T061A2UFL-F064G1ANS-539bbb3ff1\/screen_shot_2015-06-09_at_09.36.49_480.png?t=xoxe-6044096530-64812438883-64868151655-320c71e4d7",
            "thumb_480_w": 480,
            "thumb_480_h": 286,
            "thumb_160": "https:\/\/files.slack.com\/files-tmb\/T061A2UFL-F064G1ANS-539bbb3ff1\/screen_shot_2015-06-09_at_09.36.49_160.png?t=xoxe-6044096530-64812438883-64868151655-320c71e4d7",
            "thumb_720": "https:\/\/files.slack.com\/files-tmb\/T061A2UFL-F064G1ANS-539bbb3ff1\/screen_shot_2015-06-09_at_09.36.49_720.png?t=xoxe-6044096530-64812438883-64868151655-320c71e4d7",
            "thumb_720_w": 720,
            "thumb_720_h": 429,
            "thumb_960": "https:\/\/files.slack.com\/files-tmb\/T061A2UFL-F064G1ANS-539bbb3ff1\/screen_shot_2015-06-09_at_09.36.49_960.png?t=xoxe-6044096530-64812438883-64868151655-320c71e4d7",
            "thumb_960_w": 960,
            "thumb_960_h": 571,
            "image_exif_rotation": 1,
            "original_w": 998,
            "original_h": 594,
            "permalink": "https:\/\/houstondatavis.slack.com\/files\/micahstubbs\/F064G1ANS\/screen_shot_2015-06-09_at_09.36.49.png",
            "permalink_public": "https:\/\/slack-files.com\/T061A2UFL-F064G1ANS-f86929a199",
            "channels": [
                "C064FLUHY"
            ],
            "groups": [
    
            ],
            "ims": [
    
            ],
            "comments_count": 0
        },
        "user": "U061A1R2R",
        "upload": true,
        "display_as_bot": false,
        "username": "<@U061A1R2R|micahstubbs>",
        "bot_id": null,
        "ts": "1433860630.000007"
    },
    {
        "type": "message",
        "user": "U061A1R2R",
        "text": "<http:\/\/christopheviau.com\/d3list\/gallery.html>",
        "ts": "1433860710.000008"
    },
    {
        "type": "message",
        "user": "U061A1R2R",
        "text": "^^ the big list of d3js examples",
        "ts": "1433860724.000009"
    },
    {
        "type": "message",
        "subtype": "file_share",
        "text": "<@U061A1R2R|micahstubbs> uploaded a file: <https:\/\/houstondatavis.slack.com\/files\/micahstubbs\/F064G91L7\/screen_shot_2015-06-09_at_09.40.32.png|Screen Shot 2015-06-09 at 09.40.32.png> and commented: <http:\/\/stared.github.io\/wizualizacja-wolnych-lektur\/polish_books_themes.html>\r\n\r\na network vis of Polish Book Themes",
        "file": {
            "id": "F064G91L7",
            "created": 1433860863,
            "timestamp": 1433860863,
            "name": "Screen Shot 2015-06-09 at 09.40.32.png",
            "title": "Screen Shot 2015-06-09 at 09.40.32.png",
            "mimetype": "image\/png",
            "filetype": "png",
            "pretty_type": "PNG",
            "user": "U061A1R2R",
            "editable": false,
            "size": 333857,
            "mode": "hosted",
            "is_external": false,
            "external_type": "",
            "is_public": true,
            "public_url_shared": false,
            "display_as_bot": false,
            "username": "",
            "url_private": "https:\/\/files.slack.com\/files-pri\/T061A2UFL-F064G91L7\/screen_shot_2015-06-09_at_09.40.32.png?t=xoxe-6044096530-64812438883-64868151655-320c71e4d7",
            "url_private_download": "https:\/\/files.slack.com\/files-pri\/T061A2UFL-F064G91L7\/download\/screen_shot_2015-06-09_at_09.40.32.png?t=xoxe-6044096530-64812438883-64868151655-320c71e4d7",
            "thumb_64": "https:\/\/files.slack.com\/files-tmb\/T061A2UFL-F064G91L7-15aa23be82\/screen_shot_2015-06-09_at_09.40.32_64.png?t=xoxe-6044096530-64812438883-64868151655-320c71e4d7",
            "thumb_80": "https:\/\/files.slack.com\/files-tmb\/T061A2UFL-F064G91L7-15aa23be82\/screen_shot_2015-06-09_at_09.40.32_80.png?t=xoxe-6044096530-64812438883-64868151655-320c71e4d7",
            "thumb_360": "https:\/\/files.slack.com\/files-tmb\/T061A2UFL-F064G91L7-15aa23be82\/screen_shot_2015-06-09_at_09.40.32_360.png?t=xoxe-6044096530-64812438883-64868151655-320c71e4d7",
            "thumb_360_w": 360,
            "thumb_360_h": 272,
            "thumb_480": "https:\/\/files.slack.com\/files-tmb\/T061A2UFL-F064G91L7-15aa23be82\/screen_shot_2015-06-09_at_09.40.32_480.png?t=xoxe-6044096530-64812438883-64868151655-320c71e4d7",
            "thumb_480_w": 480,
            "thumb_480_h": 362,
            "thumb_160": "https:\/\/files.slack.com\/files-tmb\/T061A2UFL-F064G91L7-15aa23be82\/screen_shot_2015-06-09_at_09.40.32_160.png?t=xoxe-6044096530-64812438883-64868151655-320c71e4d7",
            "thumb_720": "https:\/\/files.slack.com\/files-tmb\/T061A2UFL-F064G91L7-15aa23be82\/screen_shot_2015-06-09_at_09.40.32_720.png?t=xoxe-6044096530-64812438883-64868151655-320c71e4d7",
            "thumb_720_w": 720,
            "thumb_720_h": 543,
            "image_exif_rotation": 1,
            "original_w": 924,
            "original_h": 697,
            "permalink": "https:\/\/houstondatavis.slack.com\/files\/micahstubbs\/F064G91L7\/screen_shot_2015-06-09_at_09.40.32.png",
            "permalink_public": "https:\/\/slack-files.com\/T061A2UFL-F064G91L7-817eac4f46",
            "channels": [
                "C064FLUHY"
            ],
            "groups": [
    
            ],
            "ims": [
    
            ],
            "comments_count": 1,
            "initial_comment": {
                "id": "Fc064G77QR",
                "created": 1433860869,
                "timestamp": 1433860869,
                "user": "U061A1R2R",
                "is_intro": true,
                "comment": "<http:\/\/stared.github.io\/wizualizacja-wolnych-lektur\/polish_books_themes.html>\r\n\r\na network vis of Polish Book Themes",
                "channel": ""
            }
        },
        "user": "U061A1R2R",
        "upload": true,
        "display_as_bot": false,
        "username": "<@U061A1R2R|micahstubbs>",
        "bot_id": null,
        "ts": "1433860869.000010"
    },
    {
        "type": "message",
        "subtype": "file_share",
        "text": "<@U061A1R2R|micahstubbs> uploaded a file: <https:\/\/houstondatavis.slack.com\/files\/micahstubbs\/F064GGG5A\/ayasdi-topological-data-analysis.png|ayasdi-topological-data-analysis.png> and commented: <http:\/\/engineering.ayasdi.com\/2015\/01\/09\/converting-a-d3-visualization-to-webgl-how-and-why\/>\r\n\r\nConverting a D3 Visualization to WebGL: How and Why",
        "file": {
            "id": "F064GGG5A",
            "created": 1433861195,
            "timestamp": 1433861195,
            "name": "ayasdi-topological-data-analysis.png",
            "title": "ayasdi-topological-data-analysis.png",
            "mimetype": "image\/png",
            "filetype": "png",
            "pretty_type": "PNG",
            "user": "U061A1R2R",
            "editable": false,
            "size": 662870,
            "mode": "hosted",
            "is_external": false,
            "external_type": "",
            "is_public": true,
            "public_url_shared": false,
            "display_as_bot": false,
            "username": "",
            "url_private": "https:\/\/files.slack.com\/files-pri\/T061A2UFL-F064GGG5A\/ayasdi-topological-data-analysis.png?t=xoxe-6044096530-64812438883-64868151655-320c71e4d7",
            "url_private_download": "https:\/\/files.slack.com\/files-pri\/T061A2UFL-F064GGG5A\/download\/ayasdi-topological-data-analysis.png?t=xoxe-6044096530-64812438883-64868151655-320c71e4d7",
            "thumb_64": "https:\/\/files.slack.com\/files-tmb\/T061A2UFL-F064GGG5A-2ae39992ba\/ayasdi-topological-data-analysis_64.png?t=xoxe-6044096530-64812438883-64868151655-320c71e4d7",
            "thumb_80": "https:\/\/files.slack.com\/files-tmb\/T061A2UFL-F064GGG5A-2ae39992ba\/ayasdi-topological-data-analysis_80.png?t=xoxe-6044096530-64812438883-64868151655-320c71e4d7",
            "thumb_360": "https:\/\/files.slack.com\/files-tmb\/T061A2UFL-F064GGG5A-2ae39992ba\/ayasdi-topological-data-analysis_360.png?t=xoxe-6044096530-64812438883-64868151655-320c71e4d7",
            "thumb_360_w": 360,
            "thumb_360_h": 196,
            "thumb_480": "https:\/\/files.slack.com\/files-tmb\/T061A2UFL-F064GGG5A-2ae39992ba\/ayasdi-topological-data-analysis_480.png?t=xoxe-6044096530-64812438883-64868151655-320c71e4d7",
            "thumb_480_w": 480,
            "thumb_480_h": 261,
            "thumb_160": "https:\/\/files.slack.com\/files-tmb\/T061A2UFL-F064GGG5A-2ae39992ba\/ayasdi-topological-data-analysis_160.png?t=xoxe-6044096530-64812438883-64868151655-320c71e4d7",
            "thumb_720": "https:\/\/files.slack.com\/files-tmb\/T061A2UFL-F064GGG5A-2ae39992ba\/ayasdi-topological-data-analysis_720.png?t=xoxe-6044096530-64812438883-64868151655-320c71e4d7",
            "thumb_720_w": 720,
            "thumb_720_h": 391,
            "thumb_960": "https:\/\/files.slack.com\/files-tmb\/T061A2UFL-F064GGG5A-2ae39992ba\/ayasdi-topological-data-analysis_960.png?t=xoxe-6044096530-64812438883-64868151655-320c71e4d7",
            "thumb_960_w": 960,
            "thumb_960_h": 522,
            "thumb_1024": "https:\/\/files.slack.com\/files-tmb\/T061A2UFL-F064GGG5A-2ae39992ba\/ayasdi-topological-data-analysis_1024.png?t=xoxe-6044096530-64812438883-64868151655-320c71e4d7",
            "thumb_1024_w": 1024,
            "thumb_1024_h": 557,
            "image_exif_rotation": 1,
            "original_w": 1965,
            "original_h": 1068,
            "permalink": "https:\/\/houstondatavis.slack.com\/files\/micahstubbs\/F064GGG5A\/ayasdi-topological-data-analysis.png",
            "permalink_public": "https:\/\/slack-files.com\/T061A2UFL-F064GGG5A-35c4e77d70",
            "channels": [
                "C064FLUHY"
            ],
            "groups": [
    
            ],
            "ims": [
    
            ],
            "comments_count": 1,
            "initial_comment": {
                "id": "Fc064GHE7Q",
                "created": 1433861203,
                "timestamp": 1433861203,
                "user": "U061A1R2R",
                "is_intro": true,
                "comment": "<http:\/\/engineering.ayasdi.com\/2015\/01\/09\/converting-a-d3-visualization-to-webgl-how-and-why\/>\r\n\r\nConverting a D3 Visualization to WebGL: How and Why",
                "channel": ""
            }
        },
        "user": "U061A1R2R",
        "upload": true,
        "display_as_bot": false,
        "username": "<@U061A1R2R|micahstubbs>",
        "bot_id": null,
        "ts": "1433861203.000011"
    },
    {
        "user": "U064KUGRJ",
        "type": "message",
        "subtype": "channel_join",
        "text": "<@U064KUGRJ|timabram> has joined the channel",
        "ts": "1433864706.943122"
    },
    {
        "type": "message",
        "subtype": "file_share",
        "text": "<@U061A1R2R|micahstubbs> uploaded a file: <https:\/\/houstondatavis.slack.com\/files\/micahstubbs\/F064L7K7T\/screen_shot_2015-06-09_at_10.49.00.png|Screen Shot 2015-06-09 at 10.49.00.png> and commented: <http:\/\/bost.ocks.org\/mike\/sankey\/>\r\n\r\nSankey diagrams in d3js",
        "file": {
            "id": "F064L7K7T",
            "created": 1433864973,
            "timestamp": 1433864973,
            "name": "Screen Shot 2015-06-09 at 10.49.00.png",
            "title": "Screen Shot 2015-06-09 at 10.49.00.png",
            "mimetype": "image\/png",
            "filetype": "png",
            "pretty_type": "PNG",
            "user": "U061A1R2R",
            "editable": false,
            "size": 305235,
            "mode": "hosted",
            "is_external": false,
            "external_type": "",
            "is_public": true,
            "public_url_shared": false,
            "display_as_bot": false,
            "username": "",
            "url_private": "https:\/\/files.slack.com\/files-pri\/T061A2UFL-F064L7K7T\/screen_shot_2015-06-09_at_10.49.00.png?t=xoxe-6044096530-64812438883-64868151655-320c71e4d7",
            "url_private_download": "https:\/\/files.slack.com\/files-pri\/T061A2UFL-F064L7K7T\/download\/screen_shot_2015-06-09_at_10.49.00.png?t=xoxe-6044096530-64812438883-64868151655-320c71e4d7",
            "thumb_64": "https:\/\/files.slack.com\/files-tmb\/T061A2UFL-F064L7K7T-63e1431156\/screen_shot_2015-06-09_at_10.49.00_64.png?t=xoxe-6044096530-64812438883-64868151655-320c71e4d7",
            "thumb_80": "https:\/\/files.slack.com\/files-tmb\/T061A2UFL-F064L7K7T-63e1431156\/screen_shot_2015-06-09_at_10.49.00_80.png?t=xoxe-6044096530-64812438883-64868151655-320c71e4d7",
            "thumb_360": "https:\/\/files.slack.com\/files-tmb\/T061A2UFL-F064L7K7T-63e1431156\/screen_shot_2015-06-09_at_10.49.00_360.png?t=xoxe-6044096530-64812438883-64868151655-320c71e4d7",
            "thumb_360_w": 360,
            "thumb_360_h": 219,
            "thumb_480": "https:\/\/files.slack.com\/files-tmb\/T061A2UFL-F064L7K7T-63e1431156\/screen_shot_2015-06-09_at_10.49.00_480.png?t=xoxe-6044096530-64812438883-64868151655-320c71e4d7",
            "thumb_480_w": 480,
            "thumb_480_h": 292,
            "thumb_160": "https:\/\/files.slack.com\/files-tmb\/T061A2UFL-F064L7K7T-63e1431156\/screen_shot_2015-06-09_at_10.49.00_160.png?t=xoxe-6044096530-64812438883-64868151655-320c71e4d7",
            "thumb_720": "https:\/\/files.slack.com\/files-tmb\/T061A2UFL-F064L7K7T-63e1431156\/screen_shot_2015-06-09_at_10.49.00_720.png?t=xoxe-6044096530-64812438883-64868151655-320c71e4d7",
            "thumb_720_w": 720,
            "thumb_720_h": 439,
            "thumb_960": "https:\/\/files.slack.com\/files-tmb\/T061A2UFL-F064L7K7T-63e1431156\/screen_shot_2015-06-09_at_10.49.00_960.png?t=xoxe-6044096530-64812438883-64868151655-320c71e4d7",
            "thumb_960_w": 960,
            "thumb_960_h": 585,
            "thumb_1024": "https:\/\/files.slack.com\/files-tmb\/T061A2UFL-F064L7K7T-63e1431156\/screen_shot_2015-06-09_at_10.49.00_1024.png?t=xoxe-6044096530-64812438883-64868151655-320c71e4d7",
            "thumb_1024_w": 1024,
            "thumb_1024_h": 624,
            "image_exif_rotation": 1,
            "original_w": 1231,
            "original_h": 750,
            "permalink": "https:\/\/houstondatavis.slack.com\/files\/micahstubbs\/F064L7K7T\/screen_shot_2015-06-09_at_10.49.00.png",
            "permalink_public": "https:\/\/slack-files.com\/T061A2UFL-F064L7K7T-e6fe70c3d6",
            "channels": [
                "C064FLUHY"
            ],
            "groups": [
    
            ],
            "ims": [
    
            ],
            "comments_count": 1,
            "initial_comment": {
                "id": "Fc064L9672",
                "created": 1433864980,
                "timestamp": 1433864980,
                "user": "U061A1R2R",
                "is_intro": true,
                "comment": "<http:\/\/bost.ocks.org\/mike\/sankey\/>\r\n\r\nSankey diagrams in d3js",
                "channel": ""
            }
        },
        "user": "U061A1R2R",
        "upload": true,
        "display_as_bot": false,
        "username": "<@U061A1R2R|micahstubbs>",
        "bot_id": null,
        "ts": "1433864980.000002"
    },
    {
        "type": "message",
        "subtype": "file_share",
        "text": "<@U061A1R2R|micahstubbs> uploaded a file: <https:\/\/houstondatavis.slack.com\/files\/micahstubbs\/F064LE7Q8\/screen_shot_2015-06-09_at_10.51.57.png|an adjacency matrix with Lightning> and commented: <http:\/\/lightning-viz.org\/visualizations\/#graph>\r\n\r\nAn adjacency matrix is a special matrix meant to show the structure of a sparse network, especially one in which nodes in the network have been categorized into groups. It is a square matrix in which each row (and column) corresponds to a node, and the value in each cell (always positive) is the weight between a pair of nodes. If the matrix is binary the graph is unweighted; if the matrix is symmetric the graph is undirected. The primary input data is an array of nodes and an array of links. Similar to the force plot, the nodes are usually just a list of linear indices, and each link is a three-element array with the source node index, target node index, and value. Optional specifications include a group label for each node.",
        "file": {
            "id": "F064LE7Q8",
            "created": 1433865169,
            "timestamp": 1433865169,
            "name": "Screen Shot 2015-06-09 at 10.51.57.png",
            "title": "an adjacency matrix with Lightning",
            "mimetype": "image\/png",
            "filetype": "png",
            "pretty_type": "PNG",
            "user": "U061A1R2R",
            "editable": false,
            "size": 71859,
            "mode": "hosted",
            "is_external": false,
            "external_type": "",
            "is_public": true,
            "public_url_shared": false,
            "display_as_bot": false,
            "username": "",
            "url_private": "https:\/\/files.slack.com\/files-pri\/T061A2UFL-F064LE7Q8\/screen_shot_2015-06-09_at_10.51.57.png?t=xoxe-6044096530-64812438883-64868151655-320c71e4d7",
            "url_private_download": "https:\/\/files.slack.com\/files-pri\/T061A2UFL-F064LE7Q8\/download\/screen_shot_2015-06-09_at_10.51.57.png?t=xoxe-6044096530-64812438883-64868151655-320c71e4d7",
            "thumb_64": "https:\/\/files.slack.com\/files-tmb\/T061A2UFL-F064LE7Q8-bb391ca82f\/screen_shot_2015-06-09_at_10.51.57_64.png?t=xoxe-6044096530-64812438883-64868151655-320c71e4d7",
            "thumb_80": "https:\/\/files.slack.com\/files-tmb\/T061A2UFL-F064LE7Q8-bb391ca82f\/screen_shot_2015-06-09_at_10.51.57_80.png?t=xoxe-6044096530-64812438883-64868151655-320c71e4d7",
            "thumb_360": "https:\/\/files.slack.com\/files-tmb\/T061A2UFL-F064LE7Q8-bb391ca82f\/screen_shot_2015-06-09_at_10.51.57_360.png?t=xoxe-6044096530-64812438883-64868151655-320c71e4d7",
            "thumb_360_w": 360,
            "thumb_360_h": 322,
            "thumb_480": "https:\/\/files.slack.com\/files-tmb\/T061A2UFL-F064LE7Q8-bb391ca82f\/screen_shot_2015-06-09_at_10.51.57_480.png?t=xoxe-6044096530-64812438883-64868151655-320c71e4d7",
            "thumb_480_w": 480,
            "thumb_480_h": 429,
            "thumb_160": "https:\/\/files.slack.com\/files-tmb\/T061A2UFL-F064LE7Q8-bb391ca82f\/screen_shot_2015-06-09_at_10.51.57_160.png?t=xoxe-6044096530-64812438883-64868151655-320c71e4d7",
            "thumb_720": "https:\/\/files.slack.com\/files-tmb\/T061A2UFL-F064LE7Q8-bb391ca82f\/screen_shot_2015-06-09_at_10.51.57_720.png?t=xoxe-6044096530-64812438883-64868151655-320c71e4d7",
            "thumb_720_w": 720,
            "thumb_720_h": 644,
            "image_exif_rotation": 1,
            "original_w": 845,
            "original_h": 756,
            "permalink": "https:\/\/houstondatavis.slack.com\/files\/micahstubbs\/F064LE7Q8\/screen_shot_2015-06-09_at_10.51.57.png",
            "permalink_public": "https:\/\/slack-files.com\/T061A2UFL-F064LE7Q8-aadad41e1a",
            "channels": [
                "C064FLUHY"
            ],
            "groups": [
    
            ],
            "ims": [
    
            ],
            "comments_count": 1,
            "initial_comment": {
                "id": "Fc064LFW74",
                "created": 1433865176,
                "timestamp": 1433865176,
                "user": "U061A1R2R",
                "is_intro": true,
                "comment": "<http:\/\/lightning-viz.org\/visualizations\/#graph>\r\n\r\nAn adjacency matrix is a special matrix meant to show the structure of a sparse network, especially one in which nodes in the network have been categorized into groups. It is a square matrix in which each row (and column) corresponds to a node, and the value in each cell (always positive) is the weight between a pair of nodes. If the matrix is binary the graph is unweighted; if the matrix is symmetric the graph is undirected. The primary input data is an array of nodes and an array of links. Similar to the force plot, the nodes are usually just a list of linear indices, and each link is a three-element array with the source node index, target node index, and value. Optional specifications include a group label for each node.",
                "channel": ""
            }
        },
        "user": "U061A1R2R",
        "upload": true,
        "display_as_bot": false,
        "username": "<@U061A1R2R|micahstubbs>",
        "bot_id": null,
        "ts": "1433865176.000003"
    },
    {
        "type": "message",
        "subtype": "file_share",
        "text": "<@U061A1R2R|micahstubbs> shared a file: <https:\/\/houstondatavis.slack.com\/files\/micahstubbs\/F064LTXRA\/d3.layout.force3d.js|d3.layout.force3d.js>",
        "file": {
            "id": "F064LTXRA",
            "created": 1433865666,
            "timestamp": 1433865666,
            "name": "d3.layout.force3d.js",
            "title": "d3.layout.force3d.js",
            "mimetype": "text\/plain",
            "filetype": "javascript",
            "pretty_type": "JavaScript\/JSON",
            "user": "U061A1R2R",
            "editable": true,
            "size": 1938,
            "mode": "snippet",
            "is_external": true,
            "external_type": "unknown",
            "is_public": true,
            "public_url_shared": false,
            "display_as_bot": false,
            "username": "",
            "url_private": "https:\/\/gist.github.com\/2720730#file-d3-layout-force3d-js",
            "url_private_download": "https:\/\/gist.github.com\/2720730#file-d3-layout-force3d-js",
            "permalink": "https:\/\/houstondatavis.slack.com\/files\/micahstubbs\/F064LTXRA\/d3.layout.force3d.js",
            "edit_link": "https:\/\/houstondatavis.slack.com\/files\/micahstubbs\/F064LTXRA\/d3.layout.force3d.js\/edit",
            "preview": "(function() {\n\/\/ D3.layout.force3d.js\n\/\/ (C) 2012 ziggy.jonsson.nyc@gmail.com\n\/\/ BSD license (http:\/\/opensource.org\/licenses\/BSD-3-Clause)\n\nd3.layout.force3d = function() {\n    var  forceXY = d3.layout.force()\n        ,forceZ = d3.layout.force()\n        ,zNodes = {}\n        ,zLinks = {}",
            "preview_highlight": "<div class=\"CodeMirror cm-s-default CodeMirrorServer\" oncopy=\"if(event.clipboardData){event.clipboardData.setData('text\/plain',window.getSelection().toString().replace(\/\\u200b\/g,''));event.preventDefault();event.stopPropagation();}\">\n<div class=\"CodeMirror-code\">\n<div><pre>(<span class=\"cm-keyword\">function<\/span>() {<\/pre><\/div>\n<div><pre><span class=\"cm-comment\">\/\/ D3.layout.force3d.js<\/span><\/pre><\/div>\n<div><pre><span class=\"cm-comment\">\/\/ (C) 2012 ziggy.jonsson.nyc@gmail.com<\/span><\/pre><\/div>\n<div><pre><span class=\"cm-comment\">\/\/ BSD license (http:\/\/opensource.org\/licenses\/BSD-3-Clause)<\/span><\/pre><\/div>\n<div><pre>&#8203;<\/pre><\/div>\n<div><pre><span class=\"cm-variable\">d3<\/span>.<span class=\"cm-property\">layout<\/span>.<span class=\"cm-property\">force3d<\/span> <span class=\"cm-operator\">=<\/span> <span class=\"cm-keyword\">function<\/span>() {<\/pre><\/div>\n<div><pre>    <span class=\"cm-keyword\">var<\/span>  <span class=\"cm-def\">forceXY<\/span> <span class=\"cm-operator\">=<\/span> <span class=\"cm-variable\">d3<\/span>.<span class=\"cm-property\">layout<\/span>.<span class=\"cm-property\">force<\/span>()<\/pre><\/div>\n<div><pre>        ,<span class=\"cm-def\">forceZ<\/span> <span class=\"cm-operator\">=<\/span> <span class=\"cm-variable\">d3<\/span>.<span class=\"cm-property\">layout<\/span>.<span class=\"cm-property\">force<\/span>()<\/pre><\/div>\n<div><pre>        ,<span class=\"cm-def\">zNodes<\/span> <span class=\"cm-operator\">=<\/span> {}<\/pre><\/div>\n<div><pre>        ,<span class=\"cm-def\">zLinks<\/span> <span class=\"cm-operator\">=<\/span> {}<\/pre><\/div>\n<\/div>\n<\/div>\n",
            "lines": 10,
            "lines_more": 28,
            "channels": [
                "C064FLUHY"
            ],
            "groups": [
    
            ],
            "ims": [
    
            ],
            "comments_count": 0
        },
        "user": "U061A1R2R",
        "upload": false,
        "display_as_bot": false,
        "username": "<@U061A1R2R|micahstubbs>",
        "bot_id": null,
        "ts": "1433865667.000005"
    },
    {
        "type": "message",
        "subtype": "file_share",
        "text": "<@U061A1R2R|micahstubbs> shared a file: <https:\/\/houstondatavis.slack.com\/files\/micahstubbs\/F064M1FEE\/index.html|index.html>",
        "file": {
            "id": "F064M1FEE",
            "created": 1433865667,
            "timestamp": 1433865667,
            "name": "index.html",
            "title": "index.html",
            "mimetype": "text\/plain",
            "filetype": "html",
            "pretty_type": "HTML",
            "user": "U061A1R2R",
            "editable": true,
            "size": 3638,
            "mode": "snippet",
            "is_external": true,
            "external_type": "unknown",
            "is_public": true,
            "public_url_shared": false,
            "display_as_bot": false,
            "username": "",
            "url_private": "https:\/\/gist.github.com\/2720730#file-index-html",
            "url_private_download": "https:\/\/gist.github.com\/2720730#file-index-html",
            "permalink": "https:\/\/houstondatavis.slack.com\/files\/micahstubbs\/F064M1FEE\/index.html",
            "edit_link": "https:\/\/houstondatavis.slack.com\/files\/micahstubbs\/F064M1FEE\/index.html\/edit",
            "preview": "<!DOCTYPE html>\n<html>\n<head>\n<script src=\"http:\/\/d3js.org\/d3.v2.js?2.9.1\"><\/script>\n<script type=\"text\/javascript\" src=\"http:\/\/x3dom.org\/x3dom\/example\/x3dom.js\"><\/script>\n<script type=\"text\/javascript\" src=\"d3.layout.force3d.js\"><\/script>\n<\/head>\n\n<body>\n    ",
            "preview_highlight": "<div class=\"CodeMirror cm-s-default CodeMirrorServer\" oncopy=\"if(event.clipboardData){event.clipboardData.setData('text\/plain',window.getSelection().toString().replace(\/\\u200b\/g,''));event.preventDefault();event.stopPropagation();}\">\n<div class=\"CodeMirror-code\">\n<div><pre><span class=\"cm-meta\">&lt;!DOCTYPE html&gt;<\/span><\/pre><\/div>\n<div><pre><span class=\"cm-tag cm-bracket\">&lt;<\/span><span class=\"cm-tag\">html<\/span><span class=\"cm-tag cm-bracket\">&gt;<\/span><\/pre><\/div>\n<div><pre><span class=\"cm-tag cm-bracket\">&lt;<\/span><span class=\"cm-tag\">head<\/span><span class=\"cm-tag cm-bracket\">&gt;<\/span><\/pre><\/div>\n<div><pre><span class=\"cm-tag cm-bracket\">&lt;<\/span><span class=\"cm-tag\">script<\/span> <span class=\"cm-attribute\">src<\/span>=<span class=\"cm-string\">&quot;http:\/\/d3js.org\/d3.v2.js?2.9.1&quot;<\/span><span class=\"cm-tag cm-bracket\">&gt;<\/span><span class=\"cm-tag cm-bracket\">&lt;\/<\/span><span class=\"cm-tag\">script<\/span><span class=\"cm-tag cm-bracket\">&gt;<\/span><\/pre><\/div>\n<div><pre><span class=\"cm-tag cm-bracket\">&lt;<\/span><span class=\"cm-tag\">script<\/span> <span class=\"cm-attribute\">type<\/span>=<span class=\"cm-string\">&quot;text\/javascript&quot;<\/span> <span class=\"cm-attribute\">src<\/span>=<span class=\"cm-string\">&quot;http:\/\/x3dom.org\/x3dom\/example\/x3dom.js&quot;<\/span><span class=\"cm-tag cm-bracket\">&gt;<\/span><span class=\"cm-tag cm-bracket\">&lt;\/<\/span><span class=\"cm-tag\">script<\/span><span class=\"cm-tag cm-bracket\">&gt;<\/span><\/pre><\/div>\n<div><pre><span class=\"cm-tag cm-bracket\">&lt;<\/span><span class=\"cm-tag\">script<\/span> <span class=\"cm-attribute\">type<\/span>=<span class=\"cm-string\">&quot;text\/javascript&quot;<\/span> <span class=\"cm-attribute\">src<\/span>=<span class=\"cm-string\">&quot;d3.layout.force3d.js&quot;<\/span><span class=\"cm-tag cm-bracket\">&gt;<\/span><span class=\"cm-tag cm-bracket\">&lt;\/<\/span><span class=\"cm-tag\">script<\/span><span class=\"cm-tag cm-bracket\">&gt;<\/span><\/pre><\/div>\n<div><pre><span class=\"cm-tag cm-bracket\">&lt;\/<\/span><span class=\"cm-tag\">head<\/span><span class=\"cm-tag cm-bracket\">&gt;<\/span><\/pre><\/div>\n<div><pre>&#8203;<\/pre><\/div>\n<div><pre><span class=\"cm-tag cm-bracket\">&lt;<\/span><span class=\"cm-tag\">body<\/span><span class=\"cm-tag cm-bracket\">&gt;<\/span><\/pre><\/div>\n<div><pre>    <\/pre><\/div>\n<\/div>\n<\/div>\n",
            "lines": 10,
            "lines_more": 26,
            "channels": [
                "C064FLUHY"
            ],
            "groups": [
    
            ],
            "ims": [
    
            ],
            "comments_count": 0
        },
        "user": "U061A1R2R",
        "upload": false,
        "display_as_bot": false,
        "username": "<@U061A1R2R|micahstubbs>",
        "bot_id": null,
        "ts": "1433865668.000007"
    },
    {
        "type": "message",
        "subtype": "file_share",
        "text": "<@U061A1R2R|micahstubbs> shared a file: <https:\/\/houstondatavis.slack.com\/files\/micahstubbs\/F064M1GKH\/readme.md|readme.md>",
        "file": {
            "id": "F064M1GKH",
            "created": 1433865668,
            "timestamp": 1433865668,
            "name": "readme.md",
            "title": "readme.md",
            "mimetype": "text\/plain",
            "filetype": "markdown",
            "pretty_type": "Markdown (raw)",
            "user": "U061A1R2R",
            "editable": true,
            "size": 438,
            "mode": "snippet",
            "is_external": true,
            "external_type": "unknown",
            "is_public": true,
            "public_url_shared": false,
            "display_as_bot": false,
            "username": "",
            "url_private": "https:\/\/gist.github.com\/2720730#file-readme-md",
            "url_private_download": "https:\/\/gist.github.com\/2720730#file-readme-md",
            "permalink": "https:\/\/houstondatavis.slack.com\/files\/micahstubbs\/F064M1GKH\/readme.md",
            "edit_link": "https:\/\/houstondatavis.slack.com\/files\/micahstubbs\/F064M1GKH\/readme.md\/edit",
            "preview": "This is a quick hack to be able to produce http:\/\/d3js.org force layout with a third dimension.   I use two force layouts in combination, the first one for the x,y axis and the third one for the z axis (I enforce x=y at each step).  Each chained action of the 3d force is then applied to both of the underlying forces.  Finally I use X3DOM to render the visualization.\n\nList of controls can be found here\nhttp:\/\/www.x3dom.org\/?page_id=293",
            "preview_highlight": "<div class=\"CodeMirror cm-s-default CodeMirrorServer\" oncopy=\"if(event.clipboardData){event.clipboardData.setData('text\/plain',window.getSelection().toString().replace(\/\\u200b\/g,''));event.preventDefault();event.stopPropagation();}\">\n<div class=\"CodeMirror-code\">\n<div><pre>This is a quick hack to be able to produce http:\/\/d3js.org force layout with a third dimension.   I use two force layouts in combination, the first one for the x,y axis and the third one for the z axis (I enforce x=y at each step).  Each chained action of the 3d force is then applied to both of the underlying forces.  Finally I use X3DOM to render the visualization.<\/pre><\/div>\n<div><pre>&#8203;<\/pre><\/div>\n<div><pre>List of controls can be found here<\/pre><\/div>\n<div><pre>http:\/\/www.x3dom.org\/?page<span class=\"cm-em\">_<\/span><span class=\"cm-em\">id=293<\/span><\/pre><\/div>\n<\/div>\n<\/div>\n",
            "lines": 4,
            "lines_more": 0,
            "channels": [
                "C064FLUHY"
            ],
            "groups": [
    
            ],
            "ims": [
    
            ],
            "comments_count": 0
        },
        "user": "U061A1R2R",
        "upload": false,
        "display_as_bot": false,
        "username": "<@U061A1R2R|micahstubbs>",
        "bot_id": null,
        "ts": "1433865668.000008"
    },
    {
        "type": "message",
        "subtype": "file_share",
        "text": "<@U061A1R2R|micahstubbs> uploaded a file: <https:\/\/houstondatavis.slack.com\/files\/micahstubbs\/F064M3Y0J\/screen_shot_2015-06-09_at_11.02.02.png|d3.layout.force3d> and commented: <http:\/\/bl.ocks.org\/ZJONSSON\/2720730>",
        "file": {
            "id": "F064M3Y0J",
            "created": 1433865750,
            "timestamp": 1433865750,
            "name": "Screen Shot 2015-06-09 at 11.02.02.png",
            "title": "d3.layout.force3d",
            "mimetype": "image\/png",
            "filetype": "png",
            "pretty_type": "PNG",
            "user": "U061A1R2R",
            "editable": false,
            "size": 174439,
            "mode": "hosted",
            "is_external": false,
            "external_type": "",
            "is_public": true,
            "public_url_shared": false,
            "display_as_bot": false,
            "username": "",
            "url_private": "https:\/\/files.slack.com\/files-pri\/T061A2UFL-F064M3Y0J\/screen_shot_2015-06-09_at_11.02.02.png?t=xoxe-6044096530-64812438883-64868151655-320c71e4d7",
            "url_private_download": "https:\/\/files.slack.com\/files-pri\/T061A2UFL-F064M3Y0J\/download\/screen_shot_2015-06-09_at_11.02.02.png?t=xoxe-6044096530-64812438883-64868151655-320c71e4d7",
            "thumb_64": "https:\/\/files.slack.com\/files-tmb\/T061A2UFL-F064M3Y0J-08159768b7\/screen_shot_2015-06-09_at_11.02.02_64.png?t=xoxe-6044096530-64812438883-64868151655-320c71e4d7",
            "thumb_80": "https:\/\/files.slack.com\/files-tmb\/T061A2UFL-F064M3Y0J-08159768b7\/screen_shot_2015-06-09_at_11.02.02_80.png?t=xoxe-6044096530-64812438883-64868151655-320c71e4d7",
            "thumb_360": "https:\/\/files.slack.com\/files-tmb\/T061A2UFL-F064M3Y0J-08159768b7\/screen_shot_2015-06-09_at_11.02.02_360.png?t=xoxe-6044096530-64812438883-64868151655-320c71e4d7",
            "thumb_360_w": 360,
            "thumb_360_h": 268,
            "thumb_480": "https:\/\/files.slack.com\/files-tmb\/T061A2UFL-F064M3Y0J-08159768b7\/screen_shot_2015-06-09_at_11.02.02_480.png?t=xoxe-6044096530-64812438883-64868151655-320c71e4d7",
            "thumb_480_w": 480,
            "thumb_480_h": 357,
            "thumb_160": "https:\/\/files.slack.com\/files-tmb\/T061A2UFL-F064M3Y0J-08159768b7\/screen_shot_2015-06-09_at_11.02.02_160.png?t=xoxe-6044096530-64812438883-64868151655-320c71e4d7",
            "thumb_720": "https:\/\/files.slack.com\/files-tmb\/T061A2UFL-F064M3Y0J-08159768b7\/screen_shot_2015-06-09_at_11.02.02_720.png?t=xoxe-6044096530-64812438883-64868151655-320c71e4d7",
            "thumb_720_w": 720,
            "thumb_720_h": 536,
            "thumb_960": "https:\/\/files.slack.com\/files-tmb\/T061A2UFL-F064M3Y0J-08159768b7\/screen_shot_2015-06-09_at_11.02.02_960.png?t=xoxe-6044096530-64812438883-64868151655-320c71e4d7",
            "thumb_960_w": 960,
            "thumb_960_h": 714,
            "image_exif_rotation": 1,
            "original_w": 1001,
            "original_h": 745,
            "permalink": "https:\/\/houstondatavis.slack.com\/files\/micahstubbs\/F064M3Y0J\/screen_shot_2015-06-09_at_11.02.02.png",
            "permalink_public": "https:\/\/slack-files.com\/T061A2UFL-F064M3Y0J-abedb2e217",
            "channels": [
                "C064FLUHY"
            ],
            "groups": [
    
            ],
            "ims": [
    
            ],
            "comments_count": 1,
            "initial_comment": {
                "id": "Fc064M2DGD",
                "created": 1433865756,
                "timestamp": 1433865756,
                "user": "U061A1R2R",
                "is_intro": true,
                "comment": "<http:\/\/bl.ocks.org\/ZJONSSON\/2720730>",
                "channel": ""
            }
        },
        "user": "U061A1R2R",
        "upload": true,
        "display_as_bot": false,
        "username": "<@U061A1R2R|micahstubbs>",
        "bot_id": null,
        "ts": "1433865756.000009"
    },
    {
        "type": "message",
        "subtype": "file_share",
        "text": "<@U061A1R2R|micahstubbs> uploaded a file: <https:\/\/houstondatavis.slack.com\/files\/micahstubbs\/F064M5MNC\/screen_shot_2015-06-09_at_11.03.42.png|Houston Gender Ratio by Zip Code> and commented: <https:\/\/public.tableau.com\/profile\/micah.stubbs#!\/vizhome\/HoustonGenderRatiobyZipCode\/femalespermale>",
        "file": {
            "id": "F064M5MNC",
            "created": 1433865875,
            "timestamp": 1433865875,
            "name": "Screen Shot 2015-06-09 at 11.03.42.png",
            "title": "Houston Gender Ratio by Zip Code",
            "mimetype": "image\/png",
            "filetype": "png",
            "pretty_type": "PNG",
            "user": "U061A1R2R",
            "editable": false,
            "size": 401140,
            "mode": "hosted",
            "is_external": false,
            "external_type": "",
            "is_public": true,
            "public_url_shared": false,
            "display_as_bot": false,
            "username": "",
            "url_private": "https:\/\/files.slack.com\/files-pri\/T061A2UFL-F064M5MNC\/screen_shot_2015-06-09_at_11.03.42.png?t=xoxe-6044096530-64812438883-64868151655-320c71e4d7",
            "url_private_download": "https:\/\/files.slack.com\/files-pri\/T061A2UFL-F064M5MNC\/download\/screen_shot_2015-06-09_at_11.03.42.png?t=xoxe-6044096530-64812438883-64868151655-320c71e4d7",
            "thumb_64": "https:\/\/files.slack.com\/files-tmb\/T061A2UFL-F064M5MNC-1ba52151d8\/screen_shot_2015-06-09_at_11.03.42_64.png?t=xoxe-6044096530-64812438883-64868151655-320c71e4d7",
            "thumb_80": "https:\/\/files.slack.com\/files-tmb\/T061A2UFL-F064M5MNC-1ba52151d8\/screen_shot_2015-06-09_at_11.03.42_80.png?t=xoxe-6044096530-64812438883-64868151655-320c71e4d7",
            "thumb_360": "https:\/\/files.slack.com\/files-tmb\/T061A2UFL-F064M5MNC-1ba52151d8\/screen_shot_2015-06-09_at_11.03.42_360.png?t=xoxe-6044096530-64812438883-64868151655-320c71e4d7",
            "thumb_360_w": 360,
            "thumb_360_h": 247,
            "thumb_480": "https:\/\/files.slack.com\/files-tmb\/T061A2UFL-F064M5MNC-1ba52151d8\/screen_shot_2015-06-09_at_11.03.42_480.png?t=xoxe-6044096530-64812438883-64868151655-320c71e4d7",
            "thumb_480_w": 480,
            "thumb_480_h": 329,
            "thumb_160": "https:\/\/files.slack.com\/files-tmb\/T061A2UFL-F064M5MNC-1ba52151d8\/screen_shot_2015-06-09_at_11.03.42_160.png?t=xoxe-6044096530-64812438883-64868151655-320c71e4d7",
            "thumb_720": "https:\/\/files.slack.com\/files-tmb\/T061A2UFL-F064M5MNC-1ba52151d8\/screen_shot_2015-06-09_at_11.03.42_720.png?t=xoxe-6044096530-64812438883-64868151655-320c71e4d7",
            "thumb_720_w": 720,
            "thumb_720_h": 493,
            "thumb_960": "https:\/\/files.slack.com\/files-tmb\/T061A2UFL-F064M5MNC-1ba52151d8\/screen_shot_2015-06-09_at_11.03.42_960.png?t=xoxe-6044096530-64812438883-64868151655-320c71e4d7",
            "thumb_960_w": 960,
            "thumb_960_h": 657,
            "image_exif_rotation": 1,
            "original_w": 993,
            "original_h": 680,
            "permalink": "https:\/\/houstondatavis.slack.com\/files\/micahstubbs\/F064M5MNC\/screen_shot_2015-06-09_at_11.03.42.png",
            "permalink_public": "https:\/\/slack-files.com\/T061A2UFL-F064M5MNC-edefb3ed0d",
            "channels": [
                "C064FLUHY"
            ],
            "groups": [
    
            ],
            "ims": [
    
            ],
            "comments_count": 1,
            "initial_comment": {
                "id": "Fc064M767R",
                "created": 1433865880,
                "timestamp": 1433865880,
                "user": "U061A1R2R",
                "is_intro": true,
                "comment": "<https:\/\/public.tableau.com\/profile\/micah.stubbs#!\/vizhome\/HoustonGenderRatiobyZipCode\/femalespermale>",
                "channel": ""
            }
        },
        "user": "U061A1R2R",
        "upload": true,
        "display_as_bot": false,
        "username": "<@U061A1R2R|micahstubbs>",
        "bot_id": null,
        "ts": "1433865880.000010"
    },
    {
        "type": "message",
        "user": "U061A1R2R",
        "text": "cross posting Frank's comment from the meetup page -",
        "edited": {
            "user": "U061A1R2R",
            "ts": "1433865994.000000"
        },
        "ts": "1433865956.000011"
    },
    {
        "type": "message",
        "user": "U061A1R2R",
        "text": "<http:\/\/ramblings.mcpher.com\/> has a lot of good examples of how to use d3.js and other graphing libraries as Excel and Google sheet add-ins. One example he has is a simple sankey graph where you can drop in your data and hit a generate button. He also has one for force directed network graphs.\n\nExamples:\n- Force directed network graph: <http:\/\/ramblings.mcpher.com\/Home\/excelquirks\/d3\/anyforce>\n- Force node explorer: <http:\/\/ramblings.mcpher.com\/Home\/excelquirks\/gassites\/d3nodefocus>\n-Tree diagrams: <http:\/\/ramblings.mcpher.com\/Home\/excelquirks\/d3\/tree>\n- Sankey: <http:\/\/ramblings.mcpher.com\/Home\/excelquirks\/d3\/sankey>\n\nFor the full rundown, check out: <http:\/\/ramblings.mcpher.com\/Home\/excelquirks\/d3>\n\nYou can download the cDataSet.xlsm download to get that gaint spreadsheet with examples.",
        "ts": "1433865958.000012"
    },
    {
        "user": "U064QAV16",
        "type": "message",
        "subtype": "channel_join",
        "text": "<@U064QAV16|pedrosan> has joined the channel",
        "ts": "1433869302.000014"
    },
    {
        "user": "U064SRKPD",
        "type": "message",
        "subtype": "channel_join",
        "text": "<@U064SRKPD|amandashih> has joined the channel",
        "ts": "1433871947.000015"
    },
    {
        "type": "message",
        "user": "U061A1R2R",
        "text": "<http:\/\/d3jsia.github.io\/wykhuh-projects\/typing_speed\/>",
        "ts": "1433903367.000016"
    },
    {
        "type": "message",
        "user": "U061A1R2R",
        "text": "<https:\/\/github.com\/d3jsia\/wykhuh-projects\/tree\/master\/typing_speed>",
        "attachments": [
            {
                "service_name": "GitHub",
                "title": "d3jsia\/wykhuh-projects",
                "title_link": "https:\/\/github.com\/d3jsia\/wykhuh-projects\/tree\/master\/typing_speed",
                "text": "Contribute to wykhuh-projects development by creating an account on GitHub.",
                "fallback": "GitHub: d3jsia\/wykhuh-projects",
                "thumb_url": "https:\/\/avatars3.githubusercontent.com\/u\/12785978?v=3&s=400",
                "from_url": "https:\/\/github.com\/d3jsia\/wykhuh-projects\/tree\/master\/typing_speed",
                "thumb_width": 420,
                "thumb_height": 420,
                "id": 1
            }
        ],
        "ts": "1433903395.000017"
    },
    {
        "type": "message",
        "user": "U061A1R2R",
        "text": "<http:\/\/www.strategieanalysen.at\/wahlen\/karten_ltwstmk2015\/index_en.html>",
        "ts": "1433905196.000019"
    },
    {
        "type": "message",
        "subtype": "file_share",
        "text": "<@U061A1R2R|micahstubbs> uploaded a file: <https:\/\/houstondatavis.slack.com\/files\/micahstubbs\/F065EK5Q8\/screen_shot_2015-06-09_at_22.00.10.png|election-map-comments>",
        "file": {
            "id": "F065EK5Q8",
            "created": 1433905231,
            "timestamp": 1433905231,
            "name": "Screen Shot 2015-06-09 at 22.00.10.png",
            "title": "election-map-comments",
            "mimetype": "image\/png",
            "filetype": "png",
            "pretty_type": "PNG",
            "user": "U061A1R2R",
            "editable": false,
            "size": 189742,
            "mode": "hosted",
            "is_external": false,
            "external_type": "",
            "is_public": true,
            "public_url_shared": false,
            "display_as_bot": false,
            "username": "",
            "url_private": "https:\/\/files.slack.com\/files-pri\/T061A2UFL-F065EK5Q8\/screen_shot_2015-06-09_at_22.00.10.png?t=xoxe-6044096530-64812438883-64868151655-320c71e4d7",
            "url_private_download": "https:\/\/files.slack.com\/files-pri\/T061A2UFL-F065EK5Q8\/download\/screen_shot_2015-06-09_at_22.00.10.png?t=xoxe-6044096530-64812438883-64868151655-320c71e4d7",
            "thumb_64": "https:\/\/files.slack.com\/files-tmb\/T061A2UFL-F065EK5Q8-b1066ac879\/screen_shot_2015-06-09_at_22.00.10_64.png?t=xoxe-6044096530-64812438883-64868151655-320c71e4d7",
            "thumb_80": "https:\/\/files.slack.com\/files-tmb\/T061A2UFL-F065EK5Q8-b1066ac879\/screen_shot_2015-06-09_at_22.00.10_80.png?t=xoxe-6044096530-64812438883-64868151655-320c71e4d7",
            "thumb_360": "https:\/\/files.slack.com\/files-tmb\/T061A2UFL-F065EK5Q8-b1066ac879\/screen_shot_2015-06-09_at_22.00.10_360.png?t=xoxe-6044096530-64812438883-64868151655-320c71e4d7",
            "thumb_360_w": 360,
            "thumb_360_h": 201,
            "thumb_480": "https:\/\/files.slack.com\/files-tmb\/T061A2UFL-F065EK5Q8-b1066ac879\/screen_shot_2015-06-09_at_22.00.10_480.png?t=xoxe-6044096530-64812438883-64868151655-320c71e4d7",
            "thumb_480_w": 480,
            "thumb_480_h": 268,
            "thumb_160": "https:\/\/files.slack.com\/files-tmb\/T061A2UFL-F065EK5Q8-b1066ac879\/screen_shot_2015-06-09_at_22.00.10_160.png?t=xoxe-6044096530-64812438883-64868151655-320c71e4d7",
            "thumb_720": "https:\/\/files.slack.com\/files-tmb\/T061A2UFL-F065EK5Q8-b1066ac879\/screen_shot_2015-06-09_at_22.00.10_720.png?t=xoxe-6044096530-64812438883-64868151655-320c71e4d7",
            "thumb_720_w": 720,
            "thumb_720_h": 402,
            "thumb_960": "https:\/\/files.slack.com\/files-tmb\/T061A2UFL-F065EK5Q8-b1066ac879\/screen_shot_2015-06-09_at_22.00.10_960.png?t=xoxe-6044096530-64812438883-64868151655-320c71e4d7",
            "thumb_960_w": 960,
            "thumb_960_h": 535,
            "thumb_1024": "https:\/\/files.slack.com\/files-tmb\/T061A2UFL-F065EK5Q8-b1066ac879\/screen_shot_2015-06-09_at_22.00.10_1024.png?t=xoxe-6044096530-64812438883-64868151655-320c71e4d7",
            "thumb_1024_w": 1024,
            "thumb_1024_h": 571,
            "image_exif_rotation": 1,
            "original_w": 1196,
            "original_h": 667,
            "permalink": "https:\/\/houstondatavis.slack.com\/files\/micahstubbs\/F065EK5Q8\/screen_shot_2015-06-09_at_22.00.10.png",
            "permalink_public": "https:\/\/slack-files.com\/T061A2UFL-F065EK5Q8-3db568d473",
            "channels": [
                "C064FLUHY"
            ],
            "groups": [
    
            ],
            "ims": [
    
            ],
            "comments_count": 0
        },
        "user": "U061A1R2R",
        "upload": true,
        "display_as_bot": false,
        "username": "<@U061A1R2R|micahstubbs>",
        "bot_id": null,
        "ts": "1433905236.000020"
    },
    {
        "user": "U065ETZEC",
        "type": "message",
        "subtype": "channel_join",
        "text": "<@U065ETZEC|jkim> has joined the channel",
        "ts": "1433905933.000021"
    }
]