[
    {
        "type": "message",
        "user": "U066H4AKX",
        "text": "Pretty awesome data viz about climate change: <http:\/\/www.bloomberg.com\/graphics\/2015-whats-warming-the-world\/>",
        "attachments": [
            {
                "service_name": "Bloomberg.com",
                "title": "What's Really Warming the World?",
                "title_link": "http:\/\/www.bloomberg.com\/graphics\/2015-whats-warming-the-world\/",
                "text": "Climate deniers blame natural factors; NASA data proves otherwise",
                "fallback": "Bloomberg.com: What's Really Warming the World?",
                "thumb_url": "http:\/\/www.bloomberg.com\/graphics\/2015-whats-warming-the-world\/img\/share.png",
                "from_url": "http:\/\/www.bloomberg.com\/graphics\/2015-whats-warming-the-world\/",
                "thumb_width": 1200,
                "thumb_height": 630,
                "id": 1
            }
        ],
        "ts": "1435262771.000002"
    },
    {
        "type": "message",
        "user": "U064QAV16",
        "text": "<http:\/\/michellechandra.github.io\/synchronicity.html>\n map visualization of instagram photos tagged #sunset and #sunrise in the past 24 hours and updated in real-time.",
        "ts": "1435267302.000004"
    },
    {
        "type": "message",
        "user": "U061A1R2R",
        "text": "<@U064QAV16> so cool! ",
        "ts": "1435268449.000005"
    },
    {
        "type": "message",
        "user": "U066H4AKX",
        "text": "wow!",
        "ts": "1435268517.000006"
    }
]